"","Cluster","cluster","ID","Description","GeneRatio","BgRatio","pvalue","p.adjust","qvalue","geneID","Count"
"1","C1","C1","GO:0140014","mitotic nuclear division","71/1240","272/23239",7.62949040545254e-30,4.0512594052953e-26,2.92008706465531e-26,"11789/20878/20877/66165/56208/11799/12159/77744/12235/12237/268697/12443/12447/12449/12453/240665/107995/52563/23834/67849/52276/12617/229841/12649/12704/66934/13614/105988/67141/14184/209334/16002/16319/16551/381293/240641/110033/71819/16563/73804/16569/51944/16211/17295/17345/105837/17865/68298/78658/54392/215387/67052/59126/381318/68501/18226/108907/30939/26934/19384/19385/24061/13006/70099/50850/70385/20460/21335/72119/68612/74335",71
"2","C1","C1","GO:0048285","organelle fission","90/1240","464/23239",4.41999274899252e-27,1.17350807485751e-23,8.45847033438779e-24,"11789/20878/20877/66165/56208/11799/12159/77744/237911/12235/12237/12317/12323/268697/12443/12447/12449/12453/240665/107995/52563/23834/67849/52276/12617/229841/12649/12704/70383/66934/13614/268465/105988/211651/67141/14184/60530/209334/16002/16319/16542/16551/381293/240641/110033/71819/16563/73804/16569/51944/16211/67121/17295/239555/17345/105837/56428/67472/17865/68298/78658/54392/215387/72787/67052/59126/381318/68501/18226/108907/19017/30939/26934/19361/19384/19385/24061/13006/70099/50850/70385/20460/64707/21335/21973/21974/235559/72119/68612/74335",90
"7","C1","C1","GO:0006260","DNA replication","59/1240","243/23239",3.03137012619102e-23,2.07854453261915e-20,1.49818374875671e-20,"12301/12447/12544/23834/27221/110749/27214/76843/52679/108961/268465/67141/14156/14165/14182/209334/69270/272551/57441/15903/67444/16588/16881/71735/70024/17216/17215/17217/17218/17219/17220/71567/17295/212377/50927/18148/98415/56452/208084/18971/18973/19076/19353/19361/19646/19718/106344/68275/20133/20135/54380/24061/13006/20833/66592/114741/77011/21969/218973",59
"19","C1","C1","GO:0072001","renal system development","57/1240","297/23239",2.37570596583107e-17,6.63947298871735e-15,4.78563262701483e-15,"11481/11504/19378/11789/71371/12125/12159/73230/108000/74107/12387/233651/13642/17075/13838/13841/14048/14164/14165/14182/14260/17300/15229/231470/14537/14734/15213/21410/15902/15903/106633/16400/16449/269152/16776/16869/83557/14013/114249/71805/18510/18654/74055/19126/98711/268902/58198/20474/55994/20682/24063/20897/76365/64930/243931/93840/13003",57
"28","C1","C1","GO:0006403","RNA localization","40/1240","171/23239",1.35980067204962e-15,2.57876484592266e-13,1.85873505397459e-13,"223921/24015/11838/66165/12461/432508/70640/68278/53817/245474/276770/50912/23881/74412/15382/53379/140486/319765/140488/68092/72787/230082/55989/18148/103468/59015/18226/71805/56698/107939/68879/19384/109095/110379/225027/21454/107829/64930/103573/72322",40
"36","C1","C1","GO:0006913","nucleocytoplasmic transport","51/1240","307/23239",4.46328309819953e-13,6.19745906579875e-11,4.4670356156694e-11,"223921/24015/66165/12159/12189/12317/432508/110750/68278/53817/66233/217378/13605/276770/71999/14180/74412/53379/15519/15516/76582/230673/70572/226432/16480/16211/240354/230082/18148/103468/59015/18141/18226/71805/68051/56698/18767/107939/19250/19384/19387/109095/20963/107829/21849/64930/22346/103573/72322/74204/22627",51
"37","C1","C1","GO:0051169","nuclear transport","51/1240","307/23239",4.46328309819953e-13,6.19745906579875e-11,4.4670356156694e-11,"223921/24015/66165/12159/12189/12317/432508/110750/68278/53817/66233/217378/13605/276770/71999/14180/74412/53379/15519/15516/76582/230673/70572/226432/16480/16211/240354/230082/18148/103468/59015/18141/18226/71805/68051/56698/18767/107939/19250/19384/19387/109095/20963/107829/21849/64930/22346/103573/72322/74204/22627",51
"62","C1","C1","GO:1905818","regulation of chromosome separation","21/1240","64/23239",7.18741954066072e-12,6.15567705821104e-10,4.4369197707712e-10,"11789/20877/11799/12235/12237/268697/52563/23834/229841/12704/67141/209334/105837/67052/59126/68501/30939/70385/20460/21335/74335",21
"78","C1","C1","GO:0022613","ribonucleoprotein complex biogenesis","57/1240","420/23239",9.03096180413518e-11,6.14800092050741e-09,4.43138692575378e-09,"24015/66165/320790/72068/231464/432508/56200/53817/13205/245474/14000/13665/13669/55944/217869/50912/27041/23881/237221/14786/217995/15519/15516/226432/29806/67070/67678/75593/17975/100608/230082/67134/55989/18148/27374/214572/68879/56195/110816/19384/19656/70285/100503670/67223/72462/320632/20641/20815/20937/108143/64930/382038/225348/72515/67936/73674/103573",57
"112","C1","C1","GO:0050803","regulation of synapse structure or activity","41/1240","264/23239",7.26158398072325e-10,3.4427688337179e-08,2.48149617987873e-08,"11603/11838/239027/12323/53872/12404/107995/12558/12564/20430/56320/13640/112405/13838/13841/13845/104156/223254/399558/71436/14432/234267/15387/93842/545156/259277/16975/77579/18430/18530/56376/242662/20474/245450/20616/231637/22142/22154/22346/22631/241514",41
"129","C1","C1","GO:0034502","protein localization to chromosome","21/1240","84/23239",2.05511104325256e-09,8.45941057338844e-08,6.0974163633344e-08,"20877/12237/12461/12462/12465/12466/12468/12469/67849/12615/245474/14056/71735/71567/105837/67052/108911/68275/70385/21454/74493",21
"143","C1","C1","GO:1905330","regulation of morphogenesis of an epithelium","24/1240","111/23239",3.51387362355909e-09,1.30480202385306e-07,9.40481744222366e-08,"230959/140577/12159/68588/12387/104156/14164/14165/14182/57265/14734/15234/21410/16869/17295/18510/208177/19353/58198/72080/20319/20474/20682/93840",24
"145","C1","C1","GO:1905819","negative regulation of chromosome separation","15/1240","44/23239",3.9585457564883e-09,1.44964675634158e-07,1.04488365666726e-07,"11789/20877/11799/12235/12237/268697/229841/67141/209334/105837/67052/30939/70385/20460/74335",15
"149","C1","C1","GO:0198738","cell-cell signaling by wnt","53/1240","420/23239",5.57088197247837e-09,1.98532773650068e-07,1.43099447911914e-07,"56332/140577/11789/77578/68339/12443/12447/12558/12560/53883/27373/68588/12387/18163/319478/76441/13194/13205/218581/70433/14165/14180/14184/57265/14366/27041/14734/14783/15364/21410/16392/16400/29806/110648/328949/17295/77583/18741/19273/19353/68031/26563/72780/58198/20319/26941/20586/20682/81004/76365/74493/666048/93840",53
"153","C1","C1","GO:0098742","cell-cell adhesion via plasma-membrane adhesion molecules","33/1240","199/23239",6.21649932502423e-09,2.15749094221429e-07,1.55508713765312e-07,"11658/12404/12484/320873/320865/12558/12560/12561/12563/12564/53883/53870/13052/233651/13640/13723/17075/69524/270120/71436/14464/93842/16579/219228/279653/18530/235472/19876/268902/237979/245450/23964/210801",33
"161","C1","C1","GO:0010608","posttranscriptional regulation of gene expression","58/1240","487/23239",9.18521728431089e-09,3.02941017265161e-07,2.18355345183095e-07,"211064/11792/11803/12159/12317/53872/12567/72068/231464/20430/53817/13205/72162/245474/14000/224045/13665/27979/55944/192170/74203/13690/217869/276770/107508/14538/74412/14786/53379/11991/76936/140486/319765/140488/16201/64602/243574/29806/83557/380669/67070/75593/17347/68092/17975/18148/13865/19205/69956/66704/100503670/211006/20425/67843/230908/636931/64930/72322",58
"207","C1","C1","GO:0150063","visual system development","48/1240","388/23239",5.41664844499519e-08,1.38948807936833e-06,1.00152218388012e-06,"11481/208936/19378/11789/93760/12159/320790/29876/12387/13836/14107/270120/14165/14180/14184/17300/114142/14366/234267/15258/15289/15312/81896/106633/16449/30841/16542/16869/16886/23937/17268/17536/77579/18741/19126/98711/19893/50524/237979/268396/20586/20662/20666/20682/20897/21834/269831/22346",48
"216","C1","C1","GO:0071900","regulation of protein serine/threonine kinase activity","50/1240","418/23239",8.40984701647869e-08,2.0589720517387e-06,1.4840761978634e-06,"11789/66165/12159/12367/268697/12443/12447/12449/66671/12453/240665/12484/23834/54124/13205/19252/63953/67603/18218/13614/13838/319955/14056/14062/14164/14165/14182/14366/71111/15234/15516/85305/16590/26399/17295/18226/18479/54635/18767/74055/21672/19087/15170/19876/20319/114715/24063/20460/20963/93840",50
"233","C1","C1","GO:0110110","positive regulation of animal organ morphogenesis","20/1240","98/23239",1.91612563901063e-07,4.3667927652989e-06,3.14751878176763e-06,"12159/12977/12387/13614/14164/14165/14182/114142/14464/15111/15364/16449/16869/18510/19876/268902/58198/20474/20682/24063",20
"254","C1","C1","GO:0009314","response to radiation","46/1240","393/23239",5.13227991415724e-07,1.07292938362894e-05,7.73351420135754e-06,"68048/20877/12189/12367/12443/12530/12649/233805/13194/72162/76843/13605/13665/319955/14048/211651/60530/209334/245650/15312/15902/85305/16590/14725/320974/17536/56428/56349/18148/98415/11545/52033/18971/59001/19046/58186/19361/623474/66704/72440/19822/19893/20319/77011/235559/209456",46
"290","C1","C1","GO:0099173","postsynapse organization","27/1240","184/23239",1.75913544058954e-06,3.22103765156223e-05,2.3216756667817e-05,"11603/11838/239027/12323/53872/12404/12558/18163/56320/112405/13838/13841/13845/104156/223254/14432/15387/16400/545156/16975/77579/56376/235072/231637/81907/22346/241514",27
"377","C1","C1","GO:0140013","meiotic nuclear division","24/1240","174/23239",1.88172867731492e-05,0.000265039238104568,0.000191036310783667,"20878/237911/12235/12317/12323/12447/107995/12617/268465/105988/211651/67141/60530/67121/78658/215387/72787/30939/19361/70099/64707/21973/21974/235559",24
"406","C1","C1","GO:0120031","plasma membrane bounded cell projection assembly","48/1240","489/23239",3.69815786574897e-05,0.000483675326776528,0.000348625926882636,"11603/108897/68743/11789/277939/207607/53883/12808/23790/20430/56320/75974/13836/214459/14432/234267/15519/81896/106633/320299/16590/16776/17427/77579/18536/70235/11758/216363/19353/108911/19684/19726/104215/19893/212892/24050/235072/26941/71982/219140/231637/20460/70415/67046/264134/209012/93840/74682",48
"407","C1","C1","GO:0051099","positive regulation of binding","26/1240","205/23239",3.81712488700086e-05,0.000498008185503061,0.000358956836651627,"11603/12159/67849/68588/12387/13665/55944/13806/13838/17300/15111/15258/219150/97165/15400/15516/16392/17295/18102/11545/18741/19384/20586/233744/16765/21849",26
"417","C1","C1","GO:0099175","regulation of postsynapse organization","18/1240","117/23239",4.75286091704285e-05,0.000605220418932795,0.000436233807758875,"11838/239027/12323/53872/12404/12558/56320/112405/13838/13841/14432/15387/545156/16975/56376/231637/22346/241514",18
"464","C1","C1","GO:0120032","regulation of plasma membrane bounded cell projection assembly","23/1240","183/23239",0.000119990347352079,0.00137316539749901,0.000989757039410527,"11603/68743/11789/12808/23790/20430/56320/75974/13836/14432/234267/15519/106633/16590/17427/216363/19353/108911/19684/104215/235072/231637/67046",23
"484","C1","C1","GO:0104004","cellular response to environmental stimulus","31/1240","287/23239",0.000159313237451034,0.00174783737782023,0.00125981498775981,"20877/12367/12530/12649/12387/13194/13205/72162/13605/13665/60530/209334/56428/56349/18148/98415/11545/52033/667742/18971/59001/19353/19361/226594/72440/19822/19893/20319/20528/76257/20682",31
"503","C1","C1","GO:0006979","response to oxidative stress","39/1240","399/23239",0.000208859041568843,0.00220485389807268,0.00158922564642526,"11792/11946/12159/12350/12367/12494/12387/13605/112405/13665/319955/104156/14056/211651/15234/11991/76936/15505/79464/16881/17279/17295/56349/71805/11545/19017/21672/11758/72446/19224/19663/68031/19823/50880/20541/70415/21974/64930/56085",39
"522","C1","C1","GO:0007611","learning or memory","30/1240","282/23239",0.00026268711853338,0.00267117585775357,0.00192534352637367,"223921/11838/11980/56710/12367/18163/14156/114142/63985/14799/16002/16400/545156/16590/259277/110648/320974/17242/17536/17967/18216/18430/18479/19224/19283/20614/66673/20897/20983/50876",30
"529","C1","C1","GO:1905508","protein localization to microtubule organizing center","8/1240","33/23239",0.000269507612603186,0.00270526544975977,0.00194991479340401,"11789/20878/277939/244329/18226/18536/71982/20460",8
"551","C1","C1","GO:0050920","regulation of chemotaxis","24/1240","210/23239",0.000370079473839535,0.00356370038305865,0.00256866182828848,"11603/12317/12977/19252/13614/13642/14164/14165/14182/15289/83964/85305/16542/17295/18654/19353/19876/268902/20347/20358/64074/20908/212168/67263",24
"561","C1","C1","GO:0007626","locomotory behavior","27/1240","250/23239",0.000410744800414545,0.00388088058754668,0.00279728056622454,"11496/11784/11899/320790/56320/13482/13838/104156/60344/14366/63985/15258/15430/15902/545156/110648/268890/171166/17268/17918/320840/18216/18516/20614/20618/64930/11906",27
"611","C1","C1","GO:1905314","semi-lunar valve development","7/1240","29/23239",0.000670306808746432,0.0058254159647194,0.00419887252407964,"12159/14464/15213/16449/19876/268902/20897",7
"658","C1","C1","GO:0061982","meiosis I cell cycle process","15/1240","113/23239",0.000987560692117503,0.0079695247342613,0.00574431399222403,"20878/237911/12447/12530/12617/268465/105988/211651/67141/72787/30939/19361/21973/21974/235559",15
"671","C1","C1","GO:0072350","tricarboxylic acid metabolic process","8/1240","40/23239",0.0010714080507536,0.00847865387407096,0.00611128664607434,"104112/12974/78920/14661/64602/17448/18597/66945",8
"690","C1","C1","GO:0110111","negative regulation of animal organ morphogenesis","8/1240","41/23239",0.00126972622552176,0.00977137138771093,0.00704305805644106,"11789/12159/12387/17300/21410/18510/58198/21834",8
"698","C1","C1","GO:0075522","IRES-dependent viral translational initiation","4/1240","10/23239",0.00130694328360381,0.00992828159647531,0.0071561565833649,"13669/27979/55944/19205",4
"699","C1","C1","GO:1905097","regulation of guanyl-nucleotide exchange factor activity","4/1240","10/23239",0.00130694328360381,0.00992828159647531,0.0071561565833649,"13665/13838/17295/16765",4
"700","C2","C2","GO:0030198","extracellular matrix organization","59/1017","248/23239",3.65747985957511e-27,1.88616236358289e-23,1.32323771340628e-23,"11352/237360/216725/223838/77794/11606/69538/14595/67896/12814/12816/12818/12819/12842/12843/12825/12826/12827/12828/12829/12831/12832/68553/329941/12840/26427/14219/13078/18214/407800/58859/268780/100952/13805/23871/14114/23876/14268/14758/15530/241226/16412/16416/16948/17022/76293/17385/68169/18073/18595/26432/18858/50706/53614/20356/94214/72043/21808/21810",59
"702","C2","C2","GO:0061448","connective tissue development","58/1017","275/23239",7.34395857434645e-24,1.26242647893016e-20,8.85655635790483e-21,"239337/108153/72345/11749/108012/14705/269941/12814/12816/12818/12842/12831/12833/12834/12835/14219/13038/67800/192119/13653/20378/14633/14634/14683/15530/16000/16416/16905/16998/17132/17181/17260/17313/18028/23967/107587/18596/18706/18933/218772/26564/56788/68427/17129/20613/20583/20678/20855/72043/21808/21813/21827/21833/83925/22418/22433/235320/21417",58
"704","C2","C2","GO:0031589","cell-substrate adhesion","54/1017","322/23239",1.49682642716922e-17,1.54382677698233e-14,1.08307209056434e-14,"109711/11482/239337/11606/11600/69538/11856/109880/12361/67896/12512/12842/140709/12825/14219/50768/330662/407800/13607/268780/100952/13731/13837/14114/192176/14268/329872/14369/14758/16202/109700/319480/16401/241226/16412/16416/16777/16852/17387/50918/68169/18073/18074/18186/18552/18792/50706/19211/19242/19272/20377/208777/94214/22329",54
"710","C2","C2","GO:0051271","negative regulation of cellular component movement","47/1017","309/23239",8.43214785877426e-14,3.95314422797262e-11,2.77332939623035e-11,"109711/11482/109880/12512/12527/12798/12825/20315/114886/13078/13179/50768/13479/22240/100952/13805/14114/56484/16011/77125/16202/16971/17260/214384/11819/211323/18186/19211/19242/19272/53614/20187/320271/108151/20356/20317/20377/20563/259302/20848/20855/24071/21814/56363/50875/22003/22418",47
"718","C2","C2","GO:0071560","cellular response to transforming growth factor beta stimulus","35/1017","200/23239",2.13481828927684e-12,5.79434627252667e-10,4.06502518573102e-10,"11477/11482/77794/66695/12562/12843/12825/12827/12912/100952/13805/14118/14281/14360/78558/241226/434215/16998/108075/17260/214384/14815/27528/65112/19272/17129/102141/20678/21808/21809/21813/21814/22433/21417/12192",35
"719","C2","C2","GO:0009611","response to wounding","58/1017","479/23239",2.429866560527e-12,6.26541092631886e-10,4.39550072027962e-10,"11475/11482/231532/14595/109880/56745/12361/12490/12527/12798/12842/12825/12831/13361/192119/22240/13649/13805/14114/192176/14268/14369/14632/14683/16000/242050/16416/16948/17181/17390/107589/68169/18053/18129/27528/18213/18595/73182/18706/18707/18792/19128/19211/19280/12258/20512/20583/72043/21788/21808/21824/56363/22003/27973/22418/22433/22695/12192",58
"729","C2","C2","GO:0009812","flavonoid metabolic process","9/1017","11/23239",2.89038974970616e-11,4.9685799797449e-09,3.48570862096143e-09,"394436/394430/22236/394433/94284/394435/394432/613123/394434",9
"739","C2","C2","GO:0003013","circulatory system process","54/1017","475/23239",1.54776526728546e-10,1.99545637084778e-08,1.39991295359477e-08,"11421/70008/11475/11482/11549/11606/11609/75547/11600/11835/98660/381290/12291/12296/12490/12843/14219/58861/13617/13618/13649/13731/13805/13809/192176/14360/14683/77446/15559/109700/16523/17390/17540/52589/18160/18162/11819/14815/54611/242202/18627/50706/19245/24052/20563/17129/29856/20787/20855/21808/21814/21833/74868/22003",54
"747","C2","C2","GO:0052695","cellular glucuronidation","9/1017","13/23239",3.47001734365626e-10,3.7280998835907e-08,2.61544947590934e-08,"394436/394430/22236/394433/94284/394435/394432/613123/394434",9
"752","C2","C2","GO:0032963","collagen metabolic process","21/1017","97/23239",9.98036655561533e-10,9.71108496741666e-08,6.81281427043692e-08,"216725/12842/12831/26427/14219/13038/114886/100952/13805/16412/76293/17385/17387/17389/17390/17534/18596/26432/52377/21809/21814",21
"798","C2","C2","GO:0032102","negative regulation of response to external stimulus","36/1017","319/23239",2.13601497240273e-07,1.11266961744252e-05,7.80593669340585e-06,"11513/23821/56745/81799/12297/54598/12361/102657/12490/12527/12562/12386/23871/16859/18186/18189/53322/18595/18792/19128/19211/19223/19280/20187/74136/108151/20356/20317/12258/20563/20583/21788/21824/56496/22418/22695",36
"822","C2","C2","GO:0010863","positive regulation of phospholipase C activity","9/1017","26/23239",9.05293921508129e-07,3.79561036846945e-05,2.66281147473123e-05,"11352/11549/11606/11856/50768/15559/14745/18595/18596",9
"825","C2","C2","GO:0006029","proteoglycan metabolic process","14/1017","67/23239",9.6796280540143e-07,3.93053873027966e-05,2.75747050324469e-05,"239337/12111/53374/269941/12814/13179/268780/93683/14733/50786/16000/68169/94214/72043",14
"847","C2","C2","GO:0051222","positive regulation of protein transport","41/1017","423/23239",1.82442600008315e-06,6.35713843407353e-05,4.45985217801266e-05,"11352/11606/11609/383619/11735/81799/12297/54725/12361/102657/12490/12534/230073/192193/13649/192176/14360/14634/15275/15559/16000/16180/77125/16847/16859/16971/18640/50706/19056/19122/19376/19662/89867/20742/207227/21808/21809/54445/215280/22418/22433",41
"851","C2","C2","GO:0099643","signal release from synapse","24/1017","186/23239",2.1632082419745e-06,7.33925322622533e-05,5.14885507456119e-05,"11549/23821/109880/12298/12361/111173/238988/26431/108030/244049/17260/14299/192167/18189/18191/18212/67847/20698/207227/71709/27204/20979/208898/22433",24
"867","C2","C2","GO:0006836","neurotransmitter transport","32/1017","300/23239",3.3736696622863e-06,0.000103559609811967,7.26522721132708e-05,"11549/98660/23821/109880/12298/12361/13617/111173/238988/26431/14758/108030/244049/17260/14299/192167/18189/18191/18212/18627/74136/20512/63959/100434/67847/20698/207227/71709/27204/20979/208898/22433",32
"892","C2","C2","GO:1905809","negative regulation of synapse organization","8/1017","24/23239",5.14452767866597e-06,0.000137462845797308,9.64370964361872e-05,"103967/14360/192167/245537/19122/19211/19242/22418",8
"912","C2","C2","GO:1905048","regulation of metallopeptidase activity","6/1017","13/23239",9.11415807882338e-06,0.000220028609338381,0.00015436113005236,"69538/233489/53614/20848/21858/21859",6
"913","C2","C2","GO:0006260","DNA replication","27/1017","243/23239",9.13052596440055e-06,0.000220028609338381,0.00015436113005236,"108686/12545/12534/13649/71988/107373/104806/78833/14632/14633/66634/210711/18027/18028/18029/18032/18538/18968/18969/27015/19075/19290/245688/19714/19891/20843/72960",27
"914","C2","C2","GO:1905207","regulation of cardiocyte differentiation","12/1017","60/23239",9.27053060272063e-06,0.000222363378224327,0.00015599908779217,"12818/13649/14369/16000/17260/214384/14815/211323/106042/21808/106628/22402",12
"916","C2","C2","GO:0070208","protein heterotrimerization","7/1017","19/23239",9.55048435693134e-06,0.00022696704068523,0.000159228788429653,"56745/69183/12842/12843/12833/12834/68553",7
"950","C2","C2","GO:0198738","cell-cell signaling by wnt","38/1017","420/23239",2.07800007216361e-05,0.000426942086539751,0.000299521335627022,"11352/72345/75723/12316/83675/26992/12842/242939/50781/13607/13649/13653/56484/20378/14369/14632/14634/16202/16469/16971/19882/29811/72293/106042/19211/207181/53614/26564/20187/20356/20377/20583/66042/72043/21833/22402/22418/24136",38
"970","C2","C2","GO:0071248","cellular response to metal ion","19/1017","149/23239",2.85431956796659e-05,0.000542081980199483,0.000380297758987911,"11513/11735/109880/70568/12912/13649/14268/14281/14282/233908/227753/16477/17260/107589/192167/18189/19122/19395/20979",19
"1012","C2","C2","GO:0099084","postsynaptic specialization organization","9/1017","41/23239",5.61761243264817e-05,0.000921894107942961,0.000646755059347021,"54725/16180/192167/245537/18189/18213/94190/19211/19280",9
"1057","C2","C2","GO:1905475","regulation of protein localization to membrane","20/1017","175/23239",8.61300742537479e-05,0.00123510953725429,0.000866491428011594,"11735/11835/12297/66455/13649/13837/14360/227753/16412/16971/17387/72293/18189/233489/98496/226849/19122/19242/20742/69660",20
"1067","C2","C2","GO:0110110","positive regulation of animal organ morphogenesis","14/1017","98/23239",9.16088726986437e-05,0.00128376890355137,0.000900628419522994,"11477/11606/11609/11835/14595/12490/13617/13805/18053/18595/19242/21808/21813/22433",14
"1092","C2","C2","GO:0050919","negative chemotaxis","8/1017","36/23239",0.000132651326172724,0.00173625098749426,0.00121806734719651,"16416/211323/18187/20187/108151/20563/20564/22418",8
"1103","C2","C2","GO:1905879","regulation of oogenesis","5/1017","13/23239",0.000152417325627734,0.00194558452540154,0.00136492534701021,"50915/16000/230103/54611/242202",5
"1110","C2","C2","GO:0098698","postsynaptic specialization assembly","7/1017","28/23239",0.000158862304772207,0.00198828074218753,0.00139487888937847,"16180/192167/245537/18189/18213/19211/19280",7
"1113","C2","C2","GO:0062012","regulation of small molecule metabolic process","30/1017","333/23239",0.000160342695027334,0.00199731226631875,0.00140121495756152,"11606/381290/56745/69183/81799/12534/67800/50781/13653/18605/226144/16000/16010/16011/16367/16847/226856/14815/53322/269224/18640/98496/19712/58246/20613/20583/20787/20848/394436/56490",30
"1115","C2","C2","GO:1905209","positive regulation of cardiocyte differentiation","8/1017","37/23239",0.000162804134976945,0.00201778813911677,0.00141557981162943,"16000/17260/214384/14815/211323/21808/106628/22402",8
"1119","C2","C2","GO:0009416","response to light stimulus","27/1017","287/23239",0.000166153289363765,0.00204012503154508,0.00143125026451945,"11352/108012/98660/171543/109880/12298/12912/74041/13649/22592/50789/16412/26414/76293/17380/80750/245537/18538/18627/27015/19272/19662/17252/20356/20512/71101/268564",27
"1124","C2","C2","GO:0098693","regulation of synaptic vesicle cycle","17/1017","144/23239",0.000192536782686899,0.00233405895686388,0.0016374596888728,"11549/23821/109880/12298/12361/103967/26431/14299/192167/245537/18189/18191/233489/19056/19211/207227/20979",17
"1126","C2","C2","GO:0097756","negative regulation of blood vessel diameter","14/1017","105/23239",0.000194104553756752,0.00234425569958682,0.00164461321647222,"11421/11475/11549/11606/98660/12291/58861/13617/13618/13649/15559/17390/242202/18627",14
"1151","C2","C2","GO:0099003","vesicle-mediated transport in synapse","24/1017","248/23239",0.000246187182977468,0.00280105682608879,0.00196508216961456,"11549/108012/23821/109880/12298/12361/103967/111173/238988/26431/16416/108030/26414/14299/192167/245537/18191/94190/233489/19056/207227/71709/20979/208898",24
"1190","C2","C2","GO:0110020","regulation of actomyosin structure organization","13/1017","98/23239",0.000341851173076622,0.00359048166915711,0.00251890338056459,"75547/69710/11856/109880/14219/50768/242553/14745/17260/18186/21809/56363/22003",13
"1193","C2","C2","GO:0006112","energy reserve metabolic process","12/1017","86/23239",0.000356888313405913,0.00371812733784706,0.00260845323376103,"69183/18605/14683/16000/16195/16367/269224/18627/18679/53412/20203/52331",12
"1204","C2","C2","GO:2000241","regulation of reproductive process","18/1017","167/23239",0.000394362845211621,0.00402718652030956,0.00282527378633109,"11835/12316/14595/13618/50915/54486/16000/230103/27206/54611/242202/18792/20317/20377/20613/71709/22137/22418",18
"1208","C2","C2","GO:1905477","positive regulation of protein localization to membrane","13/1017","100/23239",0.000417428041202632,0.00422922673572097,0.00296701515378647,"11735/12297/66455/13649/13837/14360/16412/16971/72293/18189/19122/19242/20742",13
"1215","C2","C2","GO:0099172","presynapse organization","9/1017","53/23239",0.000443985326025432,0.00443727195021929,0.00311296932996616,"54725/16180/192167/245537/18189/18213/233489/19211/19280",9
"1219","C2","C2","GO:0006898","receptor-mediated endocytosis","21/1017","213/23239",0.000457478267798121,0.0045282445816409,0.00317679120400473,"11600/54598/12512/12520/12527/66102/103967/13649/215114/15530/15559/66141/16401/16412/16416/16971/245537/94190/233489/24071/21813",21
"1226","C2","C2","GO:0062009","secondary palate development","6/1017","24/23239",0.000472525556037914,0.0046171304159411,0.00323914908496159,"434215/21808/21809/21813/21814/22418",6
"1228","C2","C2","GO:0099173","postsynapse organization","19/1017","184/23239",0.000473620707782207,0.0046171304159411,0.00323914908496159,"11352/54725/12361/103967/14360/16180/29811/192167/245537/18186/18187/18189/18213/94190/19122/19211/19242/19280/22418",19
"1234","C2","C2","GO:0097746","regulation of blood vessel diameter","17/1017","156/23239",0.000497947451384163,0.00479984113418342,0.00336732983847982,"11421/11475/11549/11606/11609/98660/12291/58861/13617/13618/13649/15559/109700/17390/17540/242202/18627",17
"1236","C2","C2","GO:0019216","regulation of lipid metabolic process","28/1017","324/23239",0.000510503071328156,0.00490222326458673,0.0034391560495973,"11606/57875/14705/69183/12520/12912/70461/67800/50781/13653/226144/15559/16000/29817/16367/226856/14815/53322/18595/18596/226849/71660/19712/20613/20583/20787/21833/56490",28
"1252","C2","C2","GO:0009187","cyclic nucleotide metabolic process","7/1017","34/23239",0.000573984686311112,0.00533340365280433,0.00374165076690619,"104111/224129/11513/12298/18160/230103/242202",7
"1254","C2","C2","GO:0099068","postsynapse assembly","7/1017","34/23239",0.000573984686311112,0.00533340365280433,0.00374165076690619,"16180/192167/245537/18189/18213/19211/19280",7
"1259","C2","C2","GO:0099175","regulation of postsynapse organization","14/1017","117/23239",0.000599590296063398,0.00551894894471592,0.00387182011634439,"12361/103967/14360/16180/192167/245537/18187/18189/18213/19122/19211/19242/19280/22418",14
"1264","C2","C2","GO:0035733","hepatic stellate cell activation","4/1017","10/23239",0.000619472908974795,0.00559107154453818,0.00392241774564521,"11475/114886/214384/18596",4
"1283","C2","C2","GO:0062014","negative regulation of small molecule metabolic process","12/1017","93/23239",0.000735360380130013,0.0064824845817615,0.00454778880163177,"381290/81799/67800/50781/226144/16847/98496/19712/20613/20583/20848/394436",12
"1299","C2","C2","GO:0044091","membrane biogenesis","7/1017","36/23239",0.000825359863483948,0.00707040002655601,0.00496024104003205,"11735/13731/192167/245537/18189/19211/20742",7
"1301","C2","C2","GO:0099174","regulation of presynapse organization","7/1017","36/23239",0.000825359863483948,0.00707040002655601,0.00496024104003205,"16180/192167/245537/18189/18213/233489/19280",7
"1302","C2","C2","GO:0110053","regulation of actin filament organization","23/1017","254/23239",0.000831152918787207,0.00710821824574731,0.00498677242187594,"242894/69710/11856/109880/104445/104252/14219/50768/192176/227753/242553/14745/50918/18186/20356/20563/20741/20742/21809/56363/50875/22003/215280",23
"1312","C2","C2","GO:0099054","presynapse assembly","8/1017","47/23239",0.000900749914134555,0.00757776069688728,0.00531618005474451,"54725/16180/192167/245537/18189/18213/19211/19280",8
"1338","C2","C2","GO:0098727","maintenance of cell number","17/1017","167/23239",0.0010785357297732,0.00870423905859214,0.00610646125233585,"12316/109880/192119/56484/14369/30877/16000/16826/17979/18602/18933/20377/20843/20848/21386/52463/22070",17
"1348","C2","C2","GO:0106056","regulation of calcineurin-mediated signaling","7/1017","38/23239",0.00115644219607309,0.00918917165662391,0.00644666584689515,"381290/14200/16000/30937/54446/211323/19122",7
"1353","C2","C2","GO:0097720","calcineurin-mediated signaling","8/1017","49/23239",0.00119600508478664,0.00942715484384073,0.00661362301588655,"381290/14200/16000/30937/54446/211323/19056/19122",8
"1363","C3","C3","GO:0016042","lipid catabolic process","44/1038","293/23239",1.64884390593088e-12,8.60696518895922e-09,6.88348940097041e-09,"11666/106861/52538/102632/11363/11364/11430/11539/11652/11816/75704/12801/74114/13167/93747/18606/66841/14466/102238433/74182/14756/15107/97212/231086/114664/15926/101490/56357/17939/100163/19302/225845/18783/211429/18797/18799/18805/18806/18807/103968/69060/18947/20397/20750",44
"1372","C3","C3","GO:0046879","hormone secretion","41/1038","353/23239",2.42295775629301e-08,1.26478394878495e-05,1.01152110120611e-05,"78894/268860/269275/11535/11539/11607/12015/12289/18555/12638/12801/13350/13447/13615/277978/14462/93692/14756/15107/15251/16535/17069/228355/17202/76055/18125/23957/18387/218461/18641/223775/75767/74998/52055/12394/214597/102607/20750/319613/22320/26950",41
"1374","C3","C3","GO:0048608","reproductive structure development","47/1038","445/23239",4.60525206053599e-08,1.83444451262383e-05,1.46711170338094e-05,"11535/26362/12162/12505/12576/12577/12638/17684/50796/13615/13667/226090/214253/14183/14313/14388/14462/14463/15205/15251/50785/15486/17311/16669/16691/16842/107515/16867/16876/11614/26423/18783/56096/18799/11757/19156/12394/30953/20346/20708/20397/227631/20687/240725/99929/22187/22431",47
"1380","C3","C3","GO:0051186","cofactor metabolic process","48/1038","481/23239",1.87045949752703e-07,5.42433254282838e-05,4.33815343110654e-05,"11666/52538/214579/11674/11676/227683/67914/74114/107869/13057/13350/209692/14149/14275/109801/14718/14571/268566/14775/68312/103140/15251/15277/208715/15926/67834/16828/16832/107029/238505/18041/226518/74080/75475/75735/236900/18641/11757/54683/110391/19733/18174/68066/56857/54198/21881/21991/269523",48
"1389","C3","C3","GO:1905941","positive regulation of gonad development","7/1038","14/23239",9.05351858481265e-07,0.000175034692639711,0.000139985398469267,"12638/17684/50796/26423/12394/20346/22431",7
"1390","C3","C3","GO:0062012","regulation of small molecule metabolic process","36/1038","333/23239",9.82963830721367e-07,0.000183252542727341,0.000146557689948908,"11666/11307/11363/11364/11652/11816/12015/12156/12389/12801/13167/13350/66148/244373/66294/14756/15251/19062/71597/16867/107029/18125/236900/19302/18783/18799/18984/19045/76487/19733/19885/212980/20845/12257/269523/140858",36
"1393","C3","C3","GO:0009746","response to hexose","24/1038","179/23239",1.54621082517851e-06,0.000260361951852639,0.00020822655798499,"78894/269275/12015/12289/12368/18555/12638/13667/78943/14756/14775/15251/23957/18387/218461/236900/18641/223775/74998/52055/214597/56485/319613/26950",24
"1397","C3","C3","GO:0016055","Wnt signaling pathway","41/1038","418/23239",2.24461269632439e-06,0.000334767950708952,0.000267733351988648,"11816/70495/26362/12156/12234/67488/12389/12505/109901/12388/330938/77938/14183/14275/14462/14463/230824/68259/22289/16842/107515/14160/18099/672511/207742/192199/20191/66072/219134/380702/54198/240725/21886/114606/665113/17847/84092/269523/22414/22420/97064",41
"1398","C3","C3","GO:0198738","cell-cell signaling by wnt","41/1038","420/23239",2.53056221521491e-06,0.000366931521206162,0.000293456425308255,"11816/70495/26362/12156/12234/67488/12389/12505/109901/12388/330938/77938/14183/14275/14462/14463/230824/68259/22289/16842/107515/14160/18099/672511/207742/192199/20191/66072/219134/380702/54198/240725/21886/114606/665113/17847/84092/269523/22414/22420/97064",41
"1399","C3","C3","GO:0061564","axon development","45/1038","483/23239",2.9211030250229e-06,0.000412112372719447,0.000329590173463466,"11816/58208/12162/12368/12801/244682/13131/13175/330938/13430/12934/13518/13636/13654/14042/14183/14275/14462/101490/16568/93691/269473/17756/238505/105689/17919/18007/80883/18222/56177/18846/243743/19268/11858/20346/20352/26456/20357/214968/76965/20807/245857/223255/22330/22352",45
"1403","C3","C3","GO:0016236","macroautophagy","24/1038","188/23239",3.71251713311779e-06,0.000472666815484753,0.000378019074453021,"68118/100504663/66615/74374/17281/14466/15251/21821/16151/211134/18145/71648/18704/104009/244962/20773/67727/209815/68053/22320/269523/75909/74781/217695",24
"1404","C3","C3","GO:0048871","multicellular organismal homeostasis","44/1038","473/23239",3.90907026597307e-06,0.000479219993011981,0.000383260030708916,"268860/11304/11363/11433/11501/11539/54411/12389/22295/12638/56506/12801/13036/13615/26383/23882/14466/14775/195733/230824/15107/15183/26557/15901/16190/19062/104263/333050/107515/17202/67013/18559/18783/54683/13609/18174/20750/20807/20852/214531/12751/22095/22187/97064",44
"1406","C3","C3","GO:0006979","response to oxidative stress","39/1038","399/23239",4.28564304748458e-06,0.000507378527419803,0.000405780044312753,"11666/67689/11816/26362/12368/12633/11438/231207/13010/13070/69635/66841/14388/14463/93692/14763/14775/15251/15507/15926/238505/226646/23980/18779/18806/12795/11757/54683/18760/19156/54720/19733/18174/76650/20852/223255/22030/68015/246196",39
"1412","C3","C3","GO:0046496","nicotinamide nucleotide metabolic process","20/1038","144/23239",6.56910416233816e-06,0.000685814474548103,0.000548485623322803,"11674/11676/209692/14149/14571/15251/15277/15926/67834/16828/16832/107029/226518/74080/18641/54683/56857/21881/21991/269523",20
"1413","C3","C3","GO:0051346","negative regulation of hydrolase activity","38/1038","393/23239",7.28350024569603e-06,0.000733350188203744,0.000586502691352299,"11652/211673/54208/12505/12633/69362/69294/13010/13012/243312/16456/320415/14775/16150/16842/17756/223989/18125/15370/170721/245578/23980/18984/241289/74521/19733/80751/110651/68348/74069/20715/20708/20713/72281/20660/110213/225896/217695",38
"1420","C3","C3","GO:0061919","process utilizing autophagic mechanism","36/1038","367/23239",9.16156926242257e-06,0.000824541233618031,0.00065943346088508,"74159/68118/100504663/66615/74374/69635/17281/14463/14466/15251/15277/21821/16151/211134/18145/71648/18704/12795/18760/66824/104009/244962/20773/67727/209815/110213/12257/68053/22320/269523/22333/75909/271564/83669/74781/217695",36
"1427","C3","C3","GO:0098911","regulation of ventricular cardiac muscle cell action potential","6/1038","14/23239",1.72562553943191e-05,0.00138581004858993,0.00110831269463756,"12389/216033/13506/13511/67451/20191",6
"1431","C3","C3","GO:0010035","response to inorganic substance","42/1038","478/23239",2.54212710789174e-05,0.00192317442075288,0.00153807415864205,"268860/56737/26362/12368/12389/12576/12633/66871/13070/93692/268566/14756/14763/14775/16510/16691/17748/17750/238505/18145/15370/23980/18783/18799/18806/19045/11757/19156/19733/20191/69162/18174/230810/224008/20852/20866/223255/80976/22030/68015/269523/246196",42
"1432","C3","C3","GO:0097352","autophagosome maturation","8/1038","29/23239",2.86050456905562e-05,0.00211223363273069,0.00168927577886871,"100504663/74374/17281/244962/67727/209815/22320/269523",8
"1438","C3","C3","GO:0007030","Golgi organization","17/1038","123/23239",3.37972930869691e-05,0.00232134039360498,0.00185651058702104,"211673/109168/241633/102339/233824/13430/70297/71648/83679/12795/18760/228960/67727/71116/68053/75909/26951",17
"1445","C3","C3","GO:0071496","cellular response to external stimulus","28/1038","275/23239",4.54554461364155e-05,0.00285876420279625,0.00228631958626537,"27053/100504663/66615/26362/29810/12389/12575/56506/74374/66148/13506/14275/14466/14718/66809/16828/17000/18125/18704/18760/20525/72027/20807/223255/21848/22278/22414/217695",28
"1446","C3","C3","GO:0042176","regulation of protein catabolic process","34/1038","366/23239",4.9022904064988e-05,0.00304642332403854,0.00243640147270354,"11501/12306/11816/23806/66615/53325/12234/74374/77128/13010/72584/13636/72194/14466/14756/14775/114128/269473/105689/65113/18263/269608/12795/19186/19733/76867/279766/54198/20660/99929/22187/225896/84092/269523",34
"1451","C3","C3","GO:0042135","neurotransmitter catabolic process","6/1038","17/23239",6.33539438255036e-05,0.00363798888345646,0.00290951077067722,"268860/214579/104776/17161/109731/18984",6
"1459","C3","C3","GO:0086091","regulation of heart rate by cardiac conduction","8/1038","33/23239",7.89334609636805e-05,0.0042412494593836,0.00339197325184823,"12289/12389/216033/13506/13511/16535/67451/72821",8
"1462","C3","C3","GO:1905939","regulation of gonad development","7/1038","25/23239",8.23003563533852e-05,0.00429607860164671,0.00343582329786869,"12638/17684/50796/26423/12394/20346/22431",7
"1463","C3","C3","GO:0010876","lipid localization","33/1038","361/23239",8.58383118210099e-05,0.00435592238826328,0.00348368384590687,"11304/76184/11666/11307/269275/11607/11652/12306/11812/11816/241633/12266/12389/12638/74114/13350/26383/16867/432628/216749/18145/18559/18783/18779/11520/69060/19156/12394/20660/216892/20750/20845/12257",33
"1474","C3","C3","GO:0042391","regulation of membrane potential","37/1038","427/23239",0.000100605593450955,0.00463515445363992,0.0037070019284404,"268860/11666/11539/11652/12015/12289/12389/12638/11438/12801/216033/13506/13511/14397/14400/14407/14466/93692/14718/14805/16508/16510/192775/16535/227632/16532/76055/67451/11757/20191/72821/210274/20907/12257/22187/99526/269523",37
"1482","C3","C3","GO:0006907","pinocytosis","6/1038","19/23239",0.000128612394591363,0.00554840247741253,0.00443737935580119,"26362/12389/13430/94176/66824/69178",6
"1488","C3","C3","GO:0001666","response to hypoxia","22/1038","205/23239",0.000134504219411241,0.00557231766132286,0.00445650571583111,"268860/52538/11501/11539/12015/12156/12389/11438/17684/231207/68655/15251/16508/236900/18806/12795/19309/66214/20191/18174/110213/22278",22
"1492","C3","C3","GO:2000241","regulation of reproductive process","19/1038","167/23239",0.000176770798602862,0.00709802745159184,0.0056767043502749,"269275/12162/434438/12576/12638/17684/12801/50796/14183/17701/17702/26423/20112/192199/12394/20346/240725/22022/22431",19
"1495","C3","C3","GO:0010821","regulation of mitochondrion organization","16/1038","129/23239",0.00020872365360439,0.00813193245524067,0.00650357816444535,"52538/12015/29810/74374/14466/14775/15251/15277/67013/71648/66824/214952/20847/380705/12257/22333",16
"1504","C3","C3","GO:0062013","positive regulation of small molecule metabolic process","17/1038","144/23239",0.000244615801730507,0.00899221468333273,0.00719159577215116,"11666/11307/11652/13350/14756/15251/16867/18125/18783/18799/18984/76487/19733/212980/20845/269523/140858",17
"1513","C4","C4","GO:0006979","response to oxidative stress","42/835","399/23239",5.35365186373587e-10,1.51545587737586e-06,1.1758095155493e-06,"17250/11668/16952/11808/12928/56458/108655/53618/14528/15368/16410/16476/26408/26415/227743/78771/56615/17876/18024/78688/53610/18104/114774/18584/228026/101476/18477/108079/18753/19164/53901/382985/269254/54338/20617/20655/20656/21825/22068/56338/22228/22361",42
"1514","C4","C4","GO:0051186","cofactor metabolic process","47/835","481/23239",6.06910643722809e-10,1.51545587737586e-06,1.1758095155493e-06,"26897/171210/20216/58810/105387/17025/107747/11808/12398/71743/230027/14151/14450/14528/14751/14862/14863/268756/208727/15360/15368/15526/16548/17449/17436/56615/17319/210009/17869/192185/18024/56748/228026/16922/19193/106564/19063/18477/108079/108099/64292/54338/20617/20655/20656/71707/22361",47
"1519","C4","C4","GO:0090407","organophosphate biosynthetic process","44/835","473/23239",9.63895144699473e-09,6.87670336089881e-06,5.33548575584776e-06,"68262/11637/11806/12398/103172/12660/71743/12495/14077/110196/353172/14450/14751/208727/69692/15360/71780/16548/67216/17319/17869/192185/18126/18159/23971/23972/228026/237823/327942/18719/18784/22038/231327/106564/108079/108099/66459/382985/208449/74442/50799/26457/20617/66826",44
"1520","C4","C4","GO:0015711","organic anion transport","39/835","399/23239",1.76321736623584e-08,1.10068844087272e-05,8.54000411199225e-06,"17250/16952/11806/11808/11981/12752/14077/14609/14812/100604/17319/17869/17920/18015/18126/79196/18778/18784/18753/19164/58887/19735/69309/54338/78830/50799/71803/73095/208890/26457/105727/215113/59033/224022/20540/50934/108116/20617/21825",39
"1525","C4","C4","GO:0048145","regulation of fibroblast proliferation","18/835","107/23239",4.77865015112648e-08,1.8357368349789e-05,1.42430859970013e-05,"12428/12571/13982/72007/14284/14319/14456/16476/17319/17869/18015/56312/671535/114774/18778/20656/21815/69807",18
"1531","C4","C4","GO:0016485","protein processing","26/835","228/23239",2.21178964510408e-07,5.8135144671841e-05,4.51058043414301e-05,"76976/213539/667277/68947/12752/12874/12876/13039/76884/230857/15451/16330/19141/66887/17869/59287/78688/114774/18553/64058/73078/19164/20394/20720/96935/21825",26
"1536","C4","C4","GO:0043523","regulation of neuron apoptotic process","27/835","256/23239",6.27271686325634e-07,0.000130524783396259,0.00010127136304231,"109689/11909/70237/51800/12568/12705/12752/67579/13982/13983/14751/208727/15368/16476/19141/26400/18015/53610/18104/223649/18481/114774/19063/19164/20617/20655/20656",27
"1542","C4","C4","GO:0062012","regulation of small molecule metabolic process","31/835","333/23239",1.45221178224919e-06,0.000241744854685083,0.000187564616507343,"26874/11370/16952/11808/12398/230027/12894/13132/12495/13850/14077/27999/110196/56458/208727/16548/66887/17436/68041/17319/17869/18126/228026/108079/108099/235623/20540/20617/20655/66826/69863",31
"1544","C4","C4","GO:0016032","viral process","27/835","272/23239",2.040661733583e-06,0.000318470771797296,0.000247094600043388,"319278/56417/12121/69550/18983/13030/13138/19106/16865/223691/13858/14456/15451/16410/16476/16543/17869/26424/671535/22038/17127/20846/22670/20128/69807/116733/78781",27
"1555","C4","C4","GO:2000116","regulation of cysteine-type endopeptidase activity","23/835","220/23239",4.85301072624869e-06,0.000535238594975869,0.000415280076746027,"109689/51800/76884/26927/14456/14751/223752/14812/52668/19141/23938/26408/17869/78688/114774/64058/16912/20111/17127/20617/20846/21825/75083",23
"1561","C4","C4","GO:0032387","negative regulation of intracellular transport","12/835","69/23239",5.7357323600134e-06,0.00058457647767157,0.000453560275342842,"228359/12568/70377/14456/15368/16165/17755/16543/18015/78688/56715/108989",12
"1587","C4","C4","GO:1905039","carboxylic acid transmembrane transport","14/835","103/23239",1.90193121615147e-05,0.00124356935620559,0.00096485863039706,"17250/100604/17869/18753/19164/19735/54338/78830/50799/71803/105727/20540/50934/21825",14
"1589","C4","C4","GO:0055072","iron ion homeostasis","13/835","90/23239",1.93522498055494e-05,0.00124356935620559,0.00096485863039706,"12010/242960/14151/14319/15216/15368/17869/71145/59049/53945/20655/20656/22042",13
"1599","C4","C4","GO:0044843","cell cycle G1/S phase transition","19/835","179/23239",2.5657084433137e-05,0.00146451498311148,0.00113628557486528,"16952/63955/108058/12428/12444/12448/52004/12696/69274/70601/13685/14199/16323/194655/14726/320595/18715/15468/19650",19
"1605","C4","C4","GO:0008217","regulation of blood pressure","20/835","196/23239",2.82056536314687e-05,0.00151461327135005,0.00117515575571518,"71544/102774/12168/69219/230857/13850/80898/14456/14528/14609/15368/15484/17319/18126/18438/18708/17127/20655/20656/21954",20
"1623","C4","C4","GO:0097755","positive regulation of blood vessel diameter","11/835","71/23239",4.31508606469263e-05,0.00194139998261937,0.00150629035601077,"71544/12168/240672/13983/14528/14609/18159/18438/19735/20655/20656",11
"1632","C4","C4","GO:0008585","female gonad development","14/835","113/23239",5.44447491955032e-05,0.00226580897901952,0.00175799229639164,"11705/109689/12167/12190/242523/13982/13983/26927/16322/16323/56312/101476/20655/22762",14
"1634","C4","C4","GO:0043433","negative regulation of DNA-binding transcription factor activity","17/835","158/23239",5.67090320615836e-05,0.00229462048250234,0.00178034652026455,"11746/109689/107392/54638/17470/80280/13982/14368/14456/208727/56198/15368/16001/23938/18035/671535/15468",17
"1640","C4","C4","GO:0055119","relaxation of cardiac muscle","5/835","13/23239",5.98710288080364e-05,0.00233590560833855,0.00181237875857222,"11931/108058/18438/18578/19735",5
"1643","C4","C4","GO:0006457","protein folding","16/835","145/23239",6.86138922441291e-05,0.00256174195389323,0.0019876003061107,"12010/12330/12759/58233/70604/100037258/230866/14229/18415/14828/15526/243912/18159/209586/226551/108903",16
"1656","C4","C4","GO:0097164","ammonium ion metabolic process","17/835","164/23239",9.04941514263212e-05,0.00313838744599339,0.0024350071008793,"105387/11806/11808/12660/12752/12894/14077/14528/18778/18784/18753/208449/74442/26457/77626/100340/20617",17
"1657","C4","C4","GO:0006898","receptor-mediated endocytosis","20/835","213/23239",9.13696003943617e-05,0.00314399774949946,0.00243936001431349,"12778/109689/12010/12121/140723/12330/12752/12759/13132/13858/22350/15216/17920/19063/56715/71145/213326/20617/229521/22042",20
"1658","C4","C4","GO:0051098","regulation of binding","30/835","392/23239",9.19302319822593e-05,0.00314399774949946,0.00243936001431349,"268970/109689/12010/213539/12313/12568/12928/13132/67819/50505/23893/208727/15214/15216/15257/15368/16476/17869/18715/18817/22038/19164/17126/17127/58231/83560/54723/22034/72828/170822",30
"1670","C4","C4","GO:0002683","negative regulation of immune system process","33/835","454/23239",0.000112386786265819,0.00355227601652847,0.00275613431208847,"56417/16952/11806/17470/12571/18983/12928/13709/22350/15216/15368/15526/56213/16165/16362/320404/50794/17319/17869/18015/18024/18035/114774/18708/56715/20971/100340/96935/21354/21825/20128/27027/72828",33
"1672","C4","C4","GO:0071826","ribonucleoprotein complex subunit organization","21/835","234/23239",0.000117533171151886,0.00366850410457824,0.00284631317769797,"56417/214150/12121/12696/12729/18983/66877/16865/57837/276919/69731/320806/66405/66164/78688/108079/269254/20901/214575/54723/216156",21
"1674","C4","C4","GO:0010876","lipid localization","28/835","361/23239",0.000124275623819312,0.00383106460094843,0.00297244035918706,"17250/16952/11806/11808/11981/13132/14077/16323/16410/17319/18035/18126/79196/99031/18778/18784/66853/18753/58887/26457/108116/20652/54525/21763/21825/72759/69863/116733",28
"1675","C4","C4","GO:0009991","response to extracellular stimulus","29/835","380/23239",0.000125541304607586,0.00384445603351965,0.00298283048276581,"17025/102774/320405/67579/19106/13685/56458/14456/67092/69146/14828/16001/16324/16403/16476/26408/18024/18438/18810/108079/320311/20655/20656/20846/22042/72759/170822/268933/319481",29
"1683","C4","C4","GO:0010811","positive regulation of cell-substrate adhesion","14/835","124/23239",0.000150182295441146,0.00438472096867685,0.00340201038840282,"11806/12571/12928/13132/13138/246707/16403/18003/83436/68750/20971/17127/64075/21825",14
"1713","C4","C4","GO:0007015","actin filament organization","29/835","396/23239",0.000252648040023243,0.00622042647017659,0.00482629467713256,"11806/75415/73910/268970/68089/109689/102774/58804/13800/13860/22350/229474/54418/71584/16419/26401/320878/17868/17912/18003/98733/18481/114774/18708/243725/18753/20971/17127/104027",29
